Workbook

Sheet Admin
A1: Members | B1: Jersey Ordered | C1: Registration Fee Paid | D1: Season 2 Fee
A2: Garrett | B2: Yes | C2: Yes | D2: Yes
A3: Jordan | B3: Yes | C3: Yes | D3: Yes
A4: Nick | B4: Yes | C4: Yes | D4: Yes
A5: Danny | B5: Yes | C5: Yes | D5: Yes
A6: Troy | B6: Yes | C6: Yes | D6: Yes
A7: Brandtly | B7: Yes | C7: Yes | D7: Yes
A8: CJ | B8: Yes | C8: Yes | D8: Yes
A9: Andre | B9: Yes | C9: Yes | D9: Yes
A10: Jack | B10: Yes | C10: Yes | D10: Yes
A11: Daniel | B11: Yes | C11: Yes | D11: Yes
A12: Thomas | B12: Yes | C12: Yes | D12: N/A
... A14: Hayden | B14: Yes | C14: N/A | D14: Yes

Sheet Settings
A1: Key | B1: Value
A2: CurrentSeason | B2: 2
A3: LeagueName | B3: Pindejos Bowling
A4: Venue | B4: Lucky Strike Times Square
A5: BowlingNight | B5: Tuesday

Sheet Active Week
A1: Season | B1: Week | C1: Team | D1: Slot | E1: Name | F1: G1 Score | G1: G2 Score | H1: G3 Score | I1: G1 Opp | J1: G2 Opp | K1: G3 Opp | L1: Is Fill

Sheet Standings
A1: Members | B1: Wins | C1: Losses | D1: Points Scored | E1: Games Played | F1: Player Average | G1: Team | I1: League Average
A2: Garrett | B2: 6 | C2: 5 | D2: =120+108+143+152+88+90+129+140+100+244 -> 1314 | E2: =sum(B2:C2) -> 11 | F2: =D2/E2 -> 119.45455 | G2: Garrett | I2: =sum(Season_1_Final_Standings[Points Scored])/sum(Season_1_Final_Standings[Games Played]) -> 111.14876
A3: John | B3: 6 | C3: 3 | D3: =112+111+104+114+115+139+155+131+107 -> 1088 | E3: =sum(B3:C3) -> 9 | F3: =D3/E3 -> 120.88889 | G3: Garrett
A4: Andre | B4: 1 | C4: 5 | D4: =116+95+89+85+152+78 -> 615 | E4: =sum(B4:C4) -> 6 | F4: =D4/E4 -> 102.5 | G4: Garrett
A5: Jack | B5: 6 | C5: 7 | D5: =100+129+99+131+137+137+121+112+119+99+114 -> 1298 | E5: =sum(B5:C5) -> 13 | F5: =D5/E5 -> 99.846154 | G5: Jack
A6: Brandtly | B6: 6 | C6: 5 | D6: =110+125+78+126+91+90+104+259+130+124 -> 1237 | E6: =sum(B6:C6) -> 11 | F6: =D6/E6 -> 112.45455 | G6: Jack
A7: Danny | B7: 2 | C7: 6 | D7: =143+119+112+134+80+128+242 -> 958 | E7: =sum(B7:C7) -> 8 | F7: =D7/E7 -> 119.75 | G7: Jack
A8: Jordan | B8: 8 | C8: 7 | D8: =121+120+92+123+119+97+122+90+115+130+144+233+79+109 -> 1694 | E8: =sum(B8:C8) -> 15 | F8: =D8/E8 -> 112.93333 | G8: Jordan
A9: Daniel | B9: 5 | C9: 8 | D9: =135+131+93+120+141+156+145+137+102+138+125+123+131 -> 1677 | E9: =sum(B9:C9) -> 13 | F9: =D9/E9 -> 129 | G9: Jordan
A10: Thomas (MIA) | B10: 2 | C10: 5 | D10: =69+101+74+94+94+87+58 -> 577 | E10: =sum(B10:C10) -> 7 | F10: =D10/E10 -> 82.428571 | G10: Jordan
A11: Nick | B11: 8 | C11: 5 | D11: =93+70+104+137+95+112+97+127+129+99+124+272 -> 1459 | E11: =sum(B11:C11) -> 13 | F11: =D11/E11 -> 112.23077 | G11: Nick
A12: CJ (MIA) | B12: 5 | C12: 1 | D12: =147+145+95+113+165+119 -> 784 | E12: =sum(B12:C12) -> 6 | F12: =D12/E12 -> 130.66667 | G12: Nick
A13: Troy | B13: 2 | C13: 7 | D13: =88+65+95+87+115+76+76+71+75 -> 748 | E13: =sum(B13:C13) -> 9 | F13: =D13/E13 -> 83.111111 | G13: Nick
A22: Members | B22: Wins | C22: Losses | D22: Points Scored | E22: Games Played
A23: Nick | B23: 5 | C23: 2 | D23: =93+70+104+137+95+112+97 -> 708 | E23: =sum(B23:C23) -> 7
A24: Jack | B24: 4 | C24: 3 | D24: =100+129+99+131+137+137+121 -> 854 | E24: =sum(B24:C24) -> 7
A25: Jordan | B25: 4 | C25: 3 | D25: =121+120+92+123+119+97+122 -> 794 | E25: =sum(B25:C25) -> 7
A26: Daniel | B26: 3 | C26: 4 | D26: =135+131+93+120+141+156+145 -> 921 | E26: =sum(B26:C26) -> 7
A27: John | B27: 3 | C27: 2 | D27: =112+111+104+114+115 -> 556 | E27: =sum(B27:C27) -> 5
A28: Garrett | B28: 2 | C28: 3 | D28: =120+108+143+152+88 -> 611 | E28: =sum(B28:C28) -> 5
A29: Troy | B29: 2 | C29: 3 | D29: =88+65+95+87+115 -> 450 | E29: =sum(B29:C29) -> 5
A30: Thomas | B30: 2 | C30: 3 | D30: =69+101+74+94+94 -> 432 | E30: =sum(B30:C30) -> 5
A31: CJ | B31: 2 | C31: 0 | D31: =147+145 -> 292 | E31: =sum(B31:C31) -> 2
A32: Brandtly | B32: 1 | C32: 2 | D32: =110+125+78 -> 313 | E32: =sum(B32:C32) -> 3
A33: Danny | B33: 1 | C33: 1 | D33: =143+119 -> 262 | E33: =sum(B33:C33) -> 2
A34: Andre | B34: 0 | C34: 4 | D34: =116+95+89+85 -> 385 | E34: =sum(B34:C34) -> 4

Sheet Generated Teams
A1: Team Builder Dashboard | D1: Fill Mode: League Avg | F1: Generated 5/27/2026, 8:19:01 PM · Fill: League Avg · Source: last-season
A2: Team 1 | C2: 475
B3: Daniel | C3: 132 | D3: Available
B4: Jack | C4: 120 | D4: Available
B5: Garrett | C5: 116 | D5: Available
B6: Andre | C6: 107.3 | D6: Available
A8: Team 2 | C8: 476
B9: John | C9: 125.5 | D9: Available
B10: Danny | C10: 120.2 | D10: Available
B11: Brandtly | C11: 115.1 | D11: Available
B12: Jordan | C12: 115 | D12: Available

Sheet Roster Avgs
A1: Members | B1: Current Week Status | C1: Points Scored | D1: Games Played | E1: Current Avg | F1: Wins | G1: Losses | H1: Player Average | I1: Team | K1: League Average | L1: Fill Rule
A2: Garrett | B2: Unavailable | C2: =120+108+143+152+88+90+129+140+100+244 -> 1314 | D2: =sum(F2:G2) -> 11 | E2: =ROUND(C2/D2,1) -> 119.5 | F2: 6 | G2: 5 | H2: =C2/D2 -> 119.45455 | I2: Garrett | K2: =sum(Season_1_Final_Rankings[Points Scored])/sum(Season_1_Final_Rankings[Games Played]) -> 111.14876 | L2: League Avg
A3: John | B3: Unavailable | C3: =112+111+104+114+115+139+155+131+107 -> 1088 | D3: =sum(F3:G3) -> 9 | E3: =ROUND(C3/D3,1) -> 120.9 | F3: 6 | G3: 3 | H3: =C3/D3 -> 120.88889 | I3: Garrett
A4: Andre | B4: Unavailable | C4: =116+95+89+85+152+78 -> 615 | D4: =sum(F4:G4) -> 6 | E4: =ROUND(C4/D4,1) -> 102.5 | F4: 1 | G4: 5 | H4: =C4/D4 -> 102.5 | I4: Garrett
A5: Jack | B5: Unavailable | C5: =100+129+99+131+137+137+121+112+119+99+114 -> 1298 | D5: =sum(F5:G5) -> 13 | E5: =ROUND(C5/D5,1) -> 99.8 | F5: 6 | G5: 7 | H5: =C5/D5 -> 99.846154 | I5: Jack
A6: Brandtly | B6: Unavailable | C6: =110+125+78+126+91+90+104+259+130+124 -> 1237 | D6: =sum(F6:G6) -> 11 | E6: =ROUND(C6/D6,1) -> 112.5 | F6: 6 | G6: 5 | H6: =C6/D6 -> 112.45455 | I6: Jack
A7: Danny | B7: Unavailable | C7: =143+119+112+134+80+128+242 -> 958 | D7: =sum(F7:G7) -> 8 | E7: =ROUND(C7/D7,1) -> 119.8 | F7: 2 | G7: 6 | H7: =C7/D7 -> 119.75 | I7: Jack
A8: Jordan | B8: Unavailable | C8: =121+120+92+123+119+97+122+90+115+130+144+233+79+109 -> 1694 | D8: =sum(F8:G8) -> 15 | E8: =ROUND(C8/D8,1) -> 112.9 | F8: 8 | G8: 7 | H8: =C8/D8 -> 112.93333 | I8: Jordan
A9: Daniel | B9: Unavailable | C9: =135+131+93+120+141+156+145+137+102+138+125+123+131 -> 1677 | D9: =sum(F9:G9) -> 13 | E9: =ROUND(C9/D9,1) -> 129 | F9: 5 | G9: 8 | H9: =C9/D9 -> 129 | I9: Jordan
A10: Thomas | B10: Unavailable | C10: =69+101+74+94+94+87+58 -> 577 | D10: =sum(F10:G10) -> 7 | E10: =ROUND(C10/D10,1) -> 82.4 | F10: 2 | G10: 5 | H10: =C10/D10 -> 82.428571 | I10: Jordan
A11: Nick | B11: Unavailable | C11: =93+70+104+137+95+112+97+127+129+99+124+272 -> 1459 | D11: =sum(F11:G11) -> 13 | E11: =ROUND(C11/D11,1) -> 112.2 | F11: 8 | G11: 5 | H11: =C11/D11 -> 112.23077 | I11: Nick
A12: CJ | B12: Unavailable | C12: =147+145+95+113+165+119 -> 784 | D12: =sum(F12:G12) -> 6 | E12: =ROUND(C12/D12,1) -> 130.7 | F12: 5 | G12: 1 | H12: =C12/D12 -> 130.66667 | I12: Nick
A13: Troy | B13: Unavailable | C13: =88+65+95+87+115+76+76+71+75 -> 748 | D13: =sum(F13:G13) -> 9 | E13: =ROUND(C13/D13,1) -> 83.1 | F13: 2 | G13: 7 | H13: =C13/D13 -> 83.111111 | I13: Nick
A14: Hayden | B14: Unavailable

Sheet Current Week
A1: Week 4 | B1: Change weekly before saving scores
A3: =A1 -> Week 4
D4: Game 1 | I4: Average
A5: Team 1 | B5: Status | C5: Score | D5: vs | E5: Team 3 | F5: Status | G5: Score | I5: =(SUMIFS(C6:C13, B6:B13, "Available") + SUMIFS(G6:G13, F6:F13, "Available")) / (COUNTIFS(B6:B13, "Available", C6:C13, ">0") + COUNTIFS(F6:F13, "Available", G6:G13, ">0")) -> #DIV/0!
A6: Daniel | B6: ='Generated Teams'!C4 -> 120 | E6: John | F6: ='Generated Teams'!C14
A7: Andre | B7: ='Generated Teams'!C5 -> 116 | E7: Jordan | F7: ='Generated Teams'!C15
A8: Danny | B8: ='Generated Teams'!C6 -> 107.3 | E8: Troy | F8: ='Generated Teams'!C16
C9: =sum(C6:C8) -> 0 | G9: =sum(G6:G8) -> 0
A10: Team 2 | B10: Status | D10: vs | E10: Team 4 | F10: Status
A11: CJ | B11: ='Generated Teams'!C9 -> 125.5 | E11: Nick | F11: ='Generated Teams'!C19
A12: Garrett | B12: ='Generated Teams'!C10 -> 120.2 | E12: Brandtly | F12: ='Generated Teams'!C20
A13: Jack | B13: ='Generated Teams'!C11 -> 115.1 | E13: Thomas | F13: ='Generated Teams'!C21
C14: =sum(C11:C13) -> 0 | G14: =sum(G11:G13) -> 0
D17: Game 2 | I17: Average
A18: Team 4 | B18: Status | C18: Score | D18: vs | E18: Team 1 | F18: Status | G18: Score | I18: =(SUMIFS(C19:C26, B19:B26, "Available") + SUMIFS(G19:G26, F19:F26, "Available")) / (COUNTIFS(B19:B26, "Available", C19:C26, ">0") + COUNTIFS(F19:F26, "Available", G19:G26, ">0")) -> #DIV/0!
A19: Nick | B19: ='Generated Teams'!C19 | E19: Daniel | F19: ='Generated Teams'!C4 -> 120
A20: Brandtly | B20: ='Generated Teams'!C20 | E20: Andre | F20: ='Generated Teams'!C5 -> 116
A21: Thomas | B21: ='Generated Teams'!C21 | E21: Danny | F21: ='Generated Teams'!C6 -> 107.3
C22: =sum(C19:C21) -> 0 | G22: =sum(G19:G21) -> 0
A23: Team 3 | B23: Status | D23: vs | E23: Team 2 | F23: Status
A24: John | B24: ='Generated Teams'!C14 | E24: CJ | F24: ='Generated Teams'!C9 -> 125.5
A25: Jordan | B25: ='Generated Teams'!C15 | E25: Garrett | F25: ='Generated Teams'!C10 -> 120.2
A26: Troy | B26: ='Generated Teams'!C16 | E26: Jack | F26: ='Generated Teams'!C11 -> 115.1
C27: =sum(C24:C26) -> 0 | G27: =sum(G24:G26) -> 0
A35: ='Generated Teams'!A35 | B35: ='Generated Teams'!C35
A36: ='Generated Teams'!A36 | B36: ='Generated Teams'!C36
A37: ='Generated Teams'!A37 | B37: ='Generated Teams'!C37
A40: ='Generated Teams'!A40 | B40: ='Generated Teams'!C40
A41: ='Generated Teams'!A41 | B41: ='Generated Teams'!C41
A42: ='Generated Teams'!A42 | B42: ='Generated Teams'!C42
A50: ='Generated Teams'!A50 | B50: ='Generated Teams'!C50
A51: ='Generated Teams'!A51 | B51: ='Generated Teams'!C51
A52: ='Generated Teams'!A52 | B52: ='Generated Teams'!C52
A55: ='Generated Teams'!A45 | B55: ='Generated Teams'!C45
A56: ='Generated Teams'!A46 | B56: ='Generated Teams'!C46
A57: ='Generated Teams'!A47 | B57: ='Generated Teams'!C47

Sheet Weekly Scores
A1: Season | B1: Week | C1: Player | D1: Team | E1: Game 1 | F1: Game 1 Opp | G1: Game 2 | H1: Game 2 Opp | I1: Total Pins | J1: Total Wins | K1: Total Losses | L1: Total Games | M1: Present
A2: 1 | B2: 1 | C2: Garrett | D2: Team 1 | E2: 120 | F2: Team 2 | G2: 108 | H2: Team 4 | I2: 228 | J2: 1 | K2: 1 | L2: 2 | M2: TRUE
A3: 1 | B3: 1 | C3: Brandtly | D3: Team 1 | E3: 110 | F3: Team 2 | G3: 125 | H3: Team 4 | I3: 235 | J3: 1 | K3: 1 | L3: 2 | M3: TRUE
A4: 1 | B4: 1 | C4: Thomas | D4: Team 1 | E4: 69 | F4: Team 2 | G4: 101 | H4: Team 4 | I4: 170 | J4: 1 | K4: 1 | L4: 2 | M4: TRUE
A5: 1 | B5: 1 | C5: Jordan | D5: Team 2 | E5: 121 | F5: Team 1 | G5: 120 | H5: Team 3 | I5: 241 | J5: 2 | K5: 0 | L5: 2 | M5: TRUE
A6: 1 | B6: 1 | C6: CJ | D6: Team 2 | E6: 105 | F6: Team 1 | G6: 107 | H6: Team 3 | I6: 212 | J6: 2 | K6: 0 | L6: 2 | M6: FALSE
A7: 1 | B7: 1 | C7: Jack | D7: Team 2 | E7: 100 | F7: Team 1 | G7: 129 | H7: Team 3 | I7: 229 | J7: 2 | K7: 0 | L7: 2 | M7: TRUE
A8: 1 | B8: 1 | C8: Danny | D8: Team 3 | E8: 105 | F8: Team 4 | G8: 107 | H8: Team 2 | I8: 212 | J8: 0 | K8: 2 | L8: 2 | M8: FALSE
A9: 1 | B9: 1 | C9: Troy | D9: Team 3 | E9: 88 | F9: Team 4 | G9: 65 | H9: Team 2 | I9: 153 | J9: 0 | K9: 2 | L9: 2 | M9: TRUE
A10: 1 | B10: 1 | C10: John | D10: Team 3 | E10: 112 | F10: Team 4 | G10: 111 | H10: Team 2 | I10: 223 | J10: 0 | K10: 2 | L10: 2 | M10: TRUE
A11: 1 | B11: 1 | C11: Daniel | D11: Team 4 | E11: 135 | F11: Team 3 | G11: 131 | H11: Team 1 | I11: 266 | J11: 1 | K11: 1 | L11: 2 | M11: TRUE
A12: 1 | B12: 1 | C12: Andre | D12: Team 4 | E12: 105 | F12: Team 3 | G12: 107 | H12: Team 1 | I12: 212 | J12: 1 | K12: 1 | L12: 2 | M12: FALSE
A13: 1 | B13: 1 | C13: Nick | D13: Team 4 | E13: 93 | F13: Team 3 | G13: 70 | H13: Team 1 | I13: 163 | J13: 1 | K13: 1 | L13: 2 | M13: TRUE
... A73: 1 | B73: 7 | C73: Brandtly | D73: Team 2 | E73: 130 | F73: Team 1 | G73: 124 | H73: Team 1 | I73: 254 | J73: 2 | K73: 0 | L73: 2 | M73: TRUE
A74: 1 | B74: Playoffs | C74: Garrett | D74: Team 1 | E74: 110 | F74: Team 2 | G74: 111 | H74: Team 4 | I74: 221 | J74: 1 | K74: 1 | L74: 2 | M74: TRUE
A75: 1 | B75: Playoffs | C75: John | D75: Team 1 | E75: 154 | F75: Team 2 | G75: 117 | H75: Team 4 | I75: 271 | J75: 1 | K75: 1 | L75: 2 | M75: TRUE
A76: 1 | B76: Playoffs | C76: Andre | D76: Team 1 | E76: 150 | F76: Team 2 | G76: 93 | H76: Team 4 | I76: 243 | J76: 1 | K76: 1 | L76: 2 | M76: TRUE
A77: 1 | B77: Playoffs | C77: Jack | D77: Team 2 | E77: 121 | F77: Team 1 | I77: 121 | J77: 0 | K77: 1 | L77: 1 | M77: TRUE
A78: 1 | B78: Playoffs | C78: Brandtly | D78: Team 2 | E78: 107 | F78: Team 1 | I78: 107 | J78: 0 | K78: 1 | L78: 1 | M78: TRUE
A79: 1 | B79: Playoffs | C79: Danny | D79: Team 2 | E79: 124 | F79: Team 1 | I79: 124 | J79: 0 | K79: 1 | L79: 1 | M79: TRUE
A80: 1 | B80: Playoffs | C80: Jordan | D80: Team 3 | E80: 123 | F80: Team 4 | I80: 123 | J80: 0 | K80: 1 | L80: 1 | M80: TRUE
A81: 1 | B81: Playoffs | C81: Daniel | D81: Team 3 | E81: 129 | F81: Team 4 | I81: 129 | J81: 0 | K81: 1 | L81: 1 | M81: FALSE
A82: 1 | B82: Playoffs | C82: Thomas | D82: Team 3 | E82: 82 | F82: Team 4 | I82: 82 | J82: 0 | K82: 1 | L82: 1 | M82: FALSE
A83: 1 | B83: Playoffs | C83: Nick | D83: Team 4 | E83: 127 | F83: Team 3 | G83: 128 | H83: Team 1 | I83: 255 | J83: 2 | K83: 0 | L83: 2 | M83: TRUE
A84: 1 | B84: Playoffs | C84: Troy | D84: Team 4 | E84: 127 | F84: Team 3 | G84: 81 | H84: Team 1 | I84: 208 | J84: 2 | K84: 0 | L84: 2 | M84: TRUE
A85: 1 | B85: Playoffs | C85: CJ | D85: Team 4 | E85: 131 | F85: Team 3 | G85: 131 | H85: Team 1 | I85: 262 | J85: 2 | K85: 0 | L85: 2 | M85: FALSE
A86: 2 | B86: 1 | C86: John | D86: Team 1 | E86: 116 | F86: Team 2 | G86: 113 | H86: Team 2 | I86: 229 | J86: 1 | K86: 1 | L86: 2 | M86: TRUE
A87: 2 | B87: 1 | C87: Jordan | D87: Team 1 | E87: 116 | F87: Team 2 | G87: 92 | H87: Team 2 | I87: 208 | J87: 1 | K87: 1 | L87: 2 | M87: TRUE
A88: 2 | B88: 1 | C88: Nick | D88: Team 1 | E88: 111 | F88: Team 2 | G88: 119 | H88: Team 2 | I88: 230 | J88: 1 | K88: 1 | L88: 2 | M88: TRUE
A89: 2 | B89: 1 | C89: Danny | D89: Team 1 | E89: 120 | F89: Team 2 | G89: 120 | H89: Team 2 | I89: 240 | J89: 1 | K89: 1 | L89: 2 | M89: FALSE
A90: 2 | B90: 1 | C90: Daniel | D90: Team 2 | E90: 94 | F90: Team 1 | G90: 128 | H90: Team 1 | I90: 222 | J90: 1 | K90: 1 | L90: 2 | M90: TRUE
A91: 2 | B91: 1 | C91: CJ | D91: Team 2 | E91: 106 | F91: Team 1 | G91: 156 | H91: Team 1 | I91: 262 | J91: 1 | K91: 1 | L91: 2 | M91: TRUE
A92: 2 | B92: 1 | C92: Garrett | D92: Team 2 | E92: 124 | F92: Team 1 | G92: 113 | H92: Team 1 | I92: 237 | J92: 1 | K92: 1 | L92: 2 | M92: TRUE
A93: 2 | B93: 1 | C93: Andre | D93: Team 2 | E93: 95 | F93: Team 1 | G93: 107 | H93: Team 1 | I93: 202 | J93: 1 | K93: 1 | L93: 2 | M93: TRUE
A94: 2 | B94: 2 | C94: CJ | D94: Team 1 | E94: 176 | F94: Team 2 | G94: 125 | H94: Team 2 | I94: 301 | J94: 1 | K94: 1 | L94: 2 | M94: TRUE
A95: 2 | B95: 2 | C95: Garrett | D95: Team 1 | E95: 139 | F95: Team 2 | G95: 142 | H95: Team 2 | I95: 281 | J95: 1 | K95: 1 | L95: 2 | M95: TRUE
A96: 2 | B96: 2 | C96: Brandtly | D96: Team 1 | E96: 115 | F96: Team 2 | G96: 108 | H96: Team 2 | I96: 223 | J96: 1 | K96: 1 | L96: 2 | M96: TRUE
A97: 2 | B97: 2 | C97: Troy | D97: Team 1 | E97: 94 | F97: Team 2 | G97: 79 | H97: Team 2 | I97: 173 | J97: 1 | K97: 1 | L97: 2 | M97: TRUE
... A109: 2 | B109: 3 | C109: Brandtly | D109: Team 2 | E109: 116 | F109: Team 1 | G109: 133 | H109: Team 1 | I109: 249 | J109: 1 | K109: 1 | L109: 2 | M109: TRUE

Sheet Weekly RSVP
A1: Player | B1: Status | C1: Note | D1: Updated

Sheet Trash Board
A1: Timestamp | B1: Author | C1: Message | D1: ID
A2: 46160.715 | B2: Anonymous | C2: Javer kind of smells a little | D2: b7a26fbe
A3: 46160.715 | B3: Anonymous | C3: Javer kind of smells a little | D3: ff540ee1
A4: 46160.72 | B4: KINGNGL | C4: Bouta go Brooklyn on yo ass | D4: 31f625a6
A5: 46162.742 | B5: Paige | C5: Jordan’s ass at bowling | D5: b8dedc11
A6: 46162.742 | B6: Paige | C6: Jordan’s ass at bowling | D6: c1ea4826

Sheet League History
A1: Season | B1: Player | C1: Wins | D1: Losses | E1: Total Pins | F1: Avg | G1: Champion | H1: Date
A2: Season 1 | B2: Nick | C2: 115 | D2: 9 | E2: 46148.836
A3: Season 1 | B3: Troy | C3: 86 | D3: 3
A4: Season 1 | B4: CJ | C4: 131 | D4: 5

Sheet Season Champions
A1: Season | B1: Player
A2: 1 | B2: CJ
A3: 1 | B3: Troy
A4: 1 | B4: Nick
